{
    "0": {
        "flow": 0.549433641910553,
        "ssim": 0.5906331539154053,
        "rmse": 0.14830352365970612
    },
    "1": {
        "flow": 0.5459937679171563,
        "ssim": 0.8194970488548279,
        "rmse": 0.05993840470910072
    },
    "2": {
        "flow": 0.5433500610589983,
        "ssim": 0.8088440895080566,
        "rmse": 0.06931701302528381
    },
    "3": {
        "flow": 0.5418191716074948,
        "ssim": 0.6285327672958374,
        "rmse": 0.1050921082496643
    },
    "4": {
        "flow": 0.5413027420640004,
        "ssim": 0.7937731146812439,
        "rmse": 0.0964222401380539
    },
    "5": {
        "flow": 0.5411188169121754,
        "ssim": 0.7844838500022888,
        "rmse": 0.10560472309589386
    },
    "6": {
        "flow": 0.5409256845116629,
        "ssim": 0.7781957387924194,
        "rmse": 0.08355867862701416
    },
    "7": {
        "flow": 0.5405958429574969,
        "ssim": 0.6997519135475159,
        "rmse": 0.09372047334909439
    },
    "8": {
        "flow": 0.5404019662737847,
        "ssim": 0.7935327291488647,
        "rmse": 0.08667119592428207
    },
    "9": {
        "flow": 0.5383179118037238,
        "ssim": 0.8001871109008789,
        "rmse": 0.08705653250217438
    },
    "10": {
        "flow": 0.5382056053280853,
        "ssim": 0.7952013611793518,
        "rmse": 0.08394567668437958
    },
    "11": {
        "flow": 0.5360636507272722,
        "ssim": 0.8530644178390503,
        "rmse": 0.07339640706777573
    },
    "12": {
        "flow": 0.5357854750752449,
        "ssim": 0.648426353931427,
        "rmse": 0.09147070348262787
    },
    "13": {
        "flow": 0.5342014334797908,
        "ssim": 0.7358011603355408,
        "rmse": 0.09751236438751221
    },
    "14": {
        "flow": 0.5334318982958818,
        "ssim": 0.8074775338172913,
        "rmse": 0.04564126208424568
    },
    "15": {
        "flow": 0.5331745416522029,
        "ssim": 0.6638147234916687,
        "rmse": 0.10416984558105469
    },
    "16": {
        "flow": 0.5329579101800965,
        "ssim": 0.6493921279907227,
        "rmse": 0.09989923983812332
    },
    "17": {
        "flow": 0.5319419987201693,
        "ssim": 0.7323739528656006,
        "rmse": 0.11101686954498291
    },
    "18": {
        "flow": 0.5315655156970038,
        "ssim": 0.7731053233146667,
        "rmse": 0.10255549848079681
    },
    "19": {
        "flow": 0.5310841830968858,
        "ssim": 0.7712399959564209,
        "rmse": 0.08947859704494476
    },
    "20": {
        "flow": 0.5287228425145283,
        "ssim": 0.7205462455749512,
        "rmse": 0.12322010099887848
    },
    "21": {
        "flow": 0.5273392406702047,
        "ssim": 0.6254067420959473,
        "rmse": 0.10201288759708405
    },
    "22": {
        "flow": 0.5273028454780594,
        "ssim": 0.7625085711479187,
        "rmse": 0.09382084757089615
    },
    "23": {
        "flow": 0.5270478900074964,
        "ssim": 0.6240889430046082,
        "rmse": 0.10518817603588104
    },
    "24": {
        "flow": 0.5260527844429032,
        "ssim": 0.48616451025009155,
        "rmse": 0.11581408977508545
    },
    "25": {
        "flow": 0.5241150313019753,
        "ssim": 0.7093890309333801,
        "rmse": 0.10511533915996552
    },
    "26": {
        "flow": 0.5236202955245984,
        "ssim": 0.7842074036598206,
        "rmse": 0.09825823456048965
    },
    "27": {
        "flow": 0.5231853660345078,
        "ssim": 0.7789028882980347,
        "rmse": 0.09876129031181335
    },
    "28": {
        "flow": 0.521812586545948,
        "ssim": 0.6463502049446106,
        "rmse": 0.07447007298469543
    },
    "29": {
        "flow": 0.5210529423356063,
        "ssim": 0.6509659290313721,
        "rmse": 0.10313775390386581
    },
    "30": {
        "flow": 0.5201980167627365,
        "ssim": 0.439331978559494,
        "rmse": 0.1307215690612793
    },
    "31": {
        "flow": 0.5189701462388047,
        "ssim": 0.842320442199707,
        "rmse": 0.07467284798622131
    },
    "32": {
        "flow": 0.5175922273993494,
        "ssim": 0.7130505442619324,
        "rmse": 0.10425236821174622
    },
    "33": {
        "flow": 0.516801464617255,
        "ssim": 0.9548298120498657,
        "rmse": 0.030218318104743958
    },
    "34": {
        "flow": 0.5165119604468354,
        "ssim": 0.5673205852508545,
        "rmse": 0.10357816517353058
    },
    "35": {
        "flow": 0.5163414213061364,
        "ssim": 0.766115128993988,
        "rmse": 0.07422848045825958
    },
    "36": {
        "flow": 0.5158557186722768,
        "ssim": 0.7641259431838989,
        "rmse": 0.10912981629371643
    },
    "37": {
        "flow": 0.5156083295941369,
        "ssim": 0.5789827108383179,
        "rmse": 0.11339771002531052
    },
    "38": {
        "flow": 0.5141976854205135,
        "ssim": 0.8198297023773193,
        "rmse": 0.07307198643684387
    },
    "39": {
        "flow": 0.514113985121251,
        "ssim": 0.7828439474105835,
        "rmse": 0.09947936981916428
    },
    "40": {
        "flow": 0.5118044489622122,
        "ssim": 0.8020192384719849,
        "rmse": 0.08960582315921783
    },
    "41": {
        "flow": 0.5115073419213297,
        "ssim": 0.7515314221382141,
        "rmse": 0.11237902194261551
    },
    "42": {
        "flow": 0.5100222531557089,
        "ssim": 0.7381154894828796,
        "rmse": 0.09476975351572037
    },
    "43": {
        "flow": 0.5088887301683434,
        "ssim": 0.801925003528595,
        "rmse": 0.09110496938228607
    },
    "44": {
        "flow": 0.5087710703015337,
        "ssim": 0.6041847467422485,
        "rmse": 0.11347968876361847
    },
    "45": {
        "flow": 0.5073574330806735,
        "ssim": 0.7051858305931091,
        "rmse": 0.10932648926973343
    },
    "46": {
        "flow": 0.5068953816890717,
        "ssim": 0.661509096622467,
        "rmse": 0.0948488786816597
    },
    "47": {
        "flow": 0.5064354969263087,
        "ssim": 0.6248136162757874,
        "rmse": 0.11516822874546051
    },
    "48": {
        "flow": 0.5061665030717855,
        "ssim": 0.7677463889122009,
        "rmse": 0.08648142218589783
    },
    "49": {
        "flow": 0.5060403549671189,
        "ssim": 0.649235188961029,
        "rmse": 0.0987408235669136
    },
    "50": {
        "flow": 0.5056455003023175,
        "ssim": 0.7279008030891418,
        "rmse": 0.052899062633514404
    },
    "51": {
        "flow": 0.504642052769661,
        "ssim": 0.6226282715797424,
        "rmse": 0.10817612707614899
    },
    "52": {
        "flow": 0.5037882434725764,
        "ssim": 0.8392888903617859,
        "rmse": 0.09649063646793365
    },
    "53": {
        "flow": 0.5034178614616414,
        "ssim": 0.7056022882461548,
        "rmse": 0.09205596894025803
    },
    "54": {
        "flow": 0.502167414128781,
        "ssim": 0.8497699499130249,
        "rmse": 0.06436256319284439
    },
    "55": {
        "flow": 0.5021547200083736,
        "ssim": 0.5753087401390076,
        "rmse": 0.08559635281562805
    },
    "56": {
        "flow": 0.5012956583499911,
        "ssim": 0.6925481557846069,
        "rmse": 0.10902992635965347
    },
    "57": {
        "flow": 0.5002540258765222,
        "ssim": 0.8280168175697327,
        "rmse": 0.0712912529706955
    },
    "58": {
        "flow": 0.4986000472009188,
        "ssim": 0.7062698006629944,
        "rmse": 0.11271363496780396
    },
    "59": {
        "flow": 0.4967594502866279,
        "ssim": 0.7501723170280457,
        "rmse": 0.09056299924850464
    },
    "60": {
        "flow": 0.4956374887228021,
        "ssim": 0.7170602679252625,
        "rmse": 0.0883718729019165
    },
    "61": {
        "flow": 0.4938488553166406,
        "ssim": 0.5051481127738953,
        "rmse": 0.12044750899076462
    },
    "62": {
        "flow": 0.4909226775169375,
        "ssim": 0.7950243353843689,
        "rmse": 0.0921301394701004
    },